repeat,fold,accuracy,balanced_accuracy,f1_macro,f1_weighted,precision_macro,recall_macro,precision_low,precision_medium,precision_high,recall_low,recall_medium,recall_high,f1_low,f1_medium,f1_high
0,0,0.7,0.5714,0.4786,0.6718,0.4444,0.5714,0.0,0.8333,0.5,0.0,0.7143,1.0,0.0,0.7692,0.6667
0,1,0.7,0.3333,0.2745,0.5765,0.2333,0.3333,0.0,0.7,0.0,0.0,1.0,0.0,0.0,0.8235,0.0
0,2,0.7778,0.3333,0.2917,0.6806,0.2593,0.3333,0.0,0.7778,0.0,0.0,1.0,0.0,0.0,0.875,0.0
0,3,0.8889,0.6667,0.6444,0.837,0.625,0.6667,0.0,0.875,1.0,0.0,1.0,1.0,0.0,0.9333,1.0
1,0,0.6,0.4048,0.3714,0.58,0.3492,0.4048,0.0,0.7143,0.3333,0.0,0.7143,0.5,0.0,0.7143,0.4
1,1,0.8,0.5,0.5139,0.7458,0.5926,0.5,0.0,0.7778,1.0,0.0,1.0,0.5,0.0,0.875,0.6667
1,2,0.5556,0.2381,0.2381,0.5556,0.2381,0.2381,0.0,0.7143,0.0,0.0,0.7143,0.0,0.0,0.7143,0.0
1,3,0.8889,0.6667,0.6444,0.837,0.625,0.6667,0.0,0.875,1.0,0.0,1.0,1.0,0.0,0.9333,1.0
2,0,0.9,0.6667,0.6444,0.8533,0.625,0.6667,0.0,0.875,1.0,0.0,1.0,1.0,0.0,0.9333,1.0
2,1,0.7,0.3333,0.2745,0.5765,0.2333,0.3333,0.0,0.7,0.0,0.0,1.0,0.0,0.0,0.8235,0.0
2,2,0.7778,0.619,0.5079,0.7407,0.4524,0.619,0.0,0.8571,0.5,0.0,0.8571,1.0,0.0,0.8571,0.6667
2,3,0.6667,0.2857,0.2667,0.6222,0.25,0.2857,0.0,0.75,0.0,0.0,0.8571,0.0,0.0,0.8,0.0
3,0,0.8,0.5,0.5139,0.7458,0.5926,0.5,0.0,0.7778,1.0,0.0,1.0,0.5,0.0,0.875,0.6667
3,1,0.9,0.6667,0.6444,0.8533,0.625,0.6667,0.0,0.875,1.0,0.0,1.0,1.0,0.0,0.9333,1.0
3,2,0.7778,0.619,0.619,0.7778,0.619,0.619,0.0,0.8571,1.0,0.0,0.8571,1.0,0.0,0.8571,1.0
3,3,0.7778,0.3333,0.2917,0.6806,0.2593,0.3333,0.0,0.7778,0.0,0.0,1.0,0.0,0.0,0.875,0.0
4,0,0.9,0.6667,0.6444,0.8533,0.625,0.6667,0.0,0.875,1.0,0.0,1.0,1.0,0.0,0.9333,1.0
4,1,0.6,0.4048,0.4603,0.6333,0.5714,0.4048,0.0,0.7143,1.0,0.0,0.7143,0.5,0.0,0.7143,0.6667
4,2,0.8889,0.6667,0.6444,0.837,0.625,0.6667,0.0,0.875,1.0,0.0,1.0,1.0,0.0,0.9333,1.0
4,3,0.7778,0.3333,0.2917,0.6806,0.2593,0.3333,0.0,0.7778,0.0,0.0,1.0,0.0,0.0,0.875,0.0
5,0,0.7,0.3333,0.2745,0.5765,0.2333,0.3333,0.0,0.7,0.0,0.0,1.0,0.0,0.0,0.8235,0.0
5,1,0.8,0.619,0.5524,0.76,0.5079,0.619,0.0,0.8571,0.6667,0.0,0.8571,1.0,0.0,0.8571,0.8
5,2,0.7778,0.619,0.619,0.7778,0.619,0.619,0.0,0.8571,1.0,0.0,0.8571,1.0,0.0,0.8571,1.0
5,3,0.6667,0.2857,0.2667,0.6222,0.25,0.2857,0.0,0.75,0.0,0.0,0.8571,0.0,0.0,0.8,0.0
6,0,0.7,0.3333,0.2745,0.5765,0.2333,0.3333,0.0,0.7,0.0,0.0,1.0,0.0,0.0,0.8235,0.0
6,1,0.8,0.5,0.5139,0.7458,0.5926,0.5,0.0,0.7778,1.0,0.0,1.0,0.5,0.0,0.875,0.6667
6,2,0.8889,0.6667,0.6444,0.837,0.625,0.6667,0.0,0.875,1.0,0.0,1.0,1.0,0.0,0.9333,1.0
6,3,0.7778,0.619,0.5079,0.7407,0.4524,0.619,0.0,0.8571,0.5,0.0,0.8571,1.0,0.0,0.8571,0.6667
7,0,0.7,0.3333,0.2745,0.5765,0.2333,0.3333,0.0,0.7,0.0,0.0,1.0,0.0,0.0,0.8235,0.0
7,1,0.9,0.6667,0.6444,0.8533,0.625,0.6667,0.0,0.875,1.0,0.0,1.0,1.0,0.0,0.9333,1.0
7,2,0.7778,0.619,0.5079,0.7407,0.4524,0.619,0.0,0.8571,0.5,0.0,0.8571,1.0,0.0,0.8571,0.6667
7,3,0.7778,0.3333,0.2917,0.6806,0.2593,0.3333,0.0,0.7778,0.0,0.0,1.0,0.0,0.0,0.875,0.0
8,0,0.7,0.4524,0.4333,0.66,0.4167,0.4524,0.0,0.75,0.5,0.0,0.8571,0.5,0.0,0.8,0.5
8,1,0.9,0.6667,0.6444,0.8533,0.625,0.6667,0.0,0.875,1.0,0.0,1.0,1.0,0.0,0.9333,1.0
8,2,0.7778,0.3333,0.2917,0.6806,0.2593,0.3333,0.0,0.7778,0.0,0.0,1.0,0.0,0.0,0.875,0.0
8,3,0.7778,0.619,0.5079,0.7407,0.4524,0.619,0.0,0.8571,0.5,0.0,0.8571,1.0,0.0,0.8571,0.6667
9,0,0.7,0.3333,0.2745,0.5765,0.2333,0.3333,0.0,0.7,0.0,0.0,1.0,0.0,0.0,0.8235,0.0
9,1,0.8,0.5,0.5139,0.7458,0.5926,0.5,0.0,0.7778,1.0,0.0,1.0,0.5,0.0,0.875,0.6667
9,2,0.7778,0.619,0.5079,0.7407,0.4524,0.619,0.0,0.8571,0.5,0.0,0.8571,1.0,0.0,0.8571,0.6667
9,3,0.6667,0.5714,0.4231,0.6538,0.3889,0.5714,0.0,0.8333,0.3333,0.0,0.7143,1.0,0.0,0.7692,0.5
