municipality,elevation,distance_from_river,rainfall,max_water_level,min_water_level,min_slope,max_slope,soil_type,risk
Deqan,678.0,0.79,800.0,97.0,27.0,3.0,70.0,Aluviale,1
Drenas,580.0,1.3,552.9,156.0,19.0,2.0,8.0,Smonice,1
Kline,380.0,0.41,569.0,144.0,17.0,2.0,6.0,Rendzina,1
Fushe Kosove,542.0,1.75,600.0,111.0,30.0,3.0,12.0,Smonice,1
Gjakov,343.0,1.1,797.1,563.0,95.0,4.0,30.0,Smonice,2
Gjilan,589.0,4.89,702.4,125.0,20.0,3.0,23.0,Smonice,1
Viti,507.0,3.49,593.5,138.0,14.0,2.0,30.0,Smonice,1
Graqanic,587.0,0.15,689.0,118.0,22.0,1.0,14.0,Smonice,1
Hani i Elezit,376.0,0.32,575.0,162.0,35.0,6.0,33.0,Toka Kafe,1
Istog,457.0,0.09,566.3,150.0,32.0,3.0,40.0,Aluviale,1
Junik,618.0,0.32,887.6,190.0,45.0,4.0,42.0,Aluviale,2
Kaqanik,478.0,0.08,615.0,84.0,35.0,3.0,34.0,Toka Kafe,1
Kamenice,474.0,0.56,564.6,73.0,8.0,4.0,25.0,Toka Kafe,1
Kllokot,438.0,0.56,700.0,105.0,25.0,2.0,11.0,Toka Kafe,1
Leposaviq,455.0,0.38,622.0,180.0,30.0,17.0,43.0,Ranker,0
Lipjan,559.0,0.93,635.2,145.0,32.0,3.0,26.0,Smonice,1
Malisheve,544.0,0.21,707.3,137.0,41.0,2.0,16.0,Smonice,1
Mamushe,337.0,0.16,763.0,260.0,55.0,4.0,19.0,Aluviale,2
Mitrovice e Jugut,507.0,0.45,557.3,171.0,69.0,4.0,39.0,Smonice,0
Mitrovice e Veriut,540.0,1.16,760.9,171.0,69.0,4.0,33.0,Smonice,1
Novoberde,952.0,6.83,701.0,80.0,15.0,8.0,32.0,Toka Kafe,1
Obiliq,537.0,1.13,670.0,155.0,38.0,2.0,18.0,Fluvisole,1
Rahovec,390.0,9.3,731.0,220.0,45.0,3.0,29.0,Aluviale,2
Peja,498.0,0.11,833.5,164.0,59.0,3.0,47.0,Kambisole,1
Podujeve,638.0,0.1,731.6,135.0,30.0,4.0,30.0,Fluvisole,1
Prishtine,573.0,6.91,713.8,145.0,32.0,4.0,35.0,Kambisole,1
Prizren,402.0,0.43,651.1,120.0,32.0,2.0,47.0,Kambisole,1
Ranillug,444.0,0.44,600.0,95.0,15.0,3.0,34.0,Toka Kafe,1
Skenderaj,740.0,0.2,337.5,90.0,14.0,2.0,27.0,Smonice,0
Shtime,571.0,0.05,650.0,125.0,28.0,2.0,36.0,Smonice,1
Shterpce,844.0,0.68,900.0,150.0,30.0,7.0,48.0,Ranker,1
Suhareke,386.0,0.15,801.3,230.0,48.0,2.0,44.0,Smonice,2
Ferizaj,578.0,1.22,659.2,150.0,35.0,3.0,40.0,Smonice,1
Vushtrri,524.0,1.34,700.0,181.0,48.0,4.0,29.0,Fluvisole,2
Zubin Potok,574.0,0.44,720.0,160.0,28.0,8.0,38.0,Ranker,0
Zveqan,526.0,0.4,810.0,180.0,30.0,6.0,39.0,Ranker,1
Partesh,494.0,1.91,750.0,105.0,18.0,4.0,25.0,Toka Kafe,1
Dragash,1047.0,14.16,774.4,120.0,25.0,12.0,39.0,Ranker,1
