municipality,feature,value,lower_fence,upper_fence,risk
Novoberde,elevation,952.0,269.5,765.5,1
Shterpce,elevation,844.0,269.5,765.5,1
Dragash,elevation,1047.0,269.5,765.5,1
Gjilan,distance_from_river,4.89,-1.326,2.844,1
Viti,distance_from_river,3.49,-1.326,2.844,1
Novoberde,distance_from_river,6.83,-1.326,2.844,1
Rahovec,distance_from_river,9.3,-1.326,2.844,2
Prishtine,distance_from_river,6.91,-1.326,2.844,1
Dragash,distance_from_river,14.16,-1.326,2.844,1
Skenderaj,rainfall,337.5,372.113,989.812,0
Gjakov,max_water_level,563.0,42.375,245.375,2
Mamushe,max_water_level,260.0,42.375,245.375,2
Gjakov,min_water_level,95.0,-3.5,66.5,2
Mitrovice e Jugut,min_water_level,69.0,-3.5,66.5,0
Mitrovice e Veriut,min_water_level,69.0,-3.5,66.5,1
Leposaviq,min_slope,17.0,-1.0,7.0,0
Novoberde,min_slope,8.0,-1.0,7.0,1
Zubin Potok,min_slope,8.0,-1.0,7.0,0
Dragash,min_slope,12.0,-1.0,7.0,1
Deqan,max_slope,70.0,4.0,60.0,1
