repeat,accuracy,balanced_accuracy,f1_macro,f1_weighted,precision_macro,recall_macro,precision_low,precision_medium,precision_high,recall_low,recall_medium,recall_high,f1_low,f1_medium,f1_high
0,0.7895,0.6468,0.6628,0.7985,0.6857,0.6468,0.2,0.8571,1.0,0.25,0.8571,0.8333,0.2222,0.8571,0.9091
1,0.6842,0.5278,0.5206,0.7054,0.5181,0.5278,0.0,0.84,0.7143,0.0,0.75,0.8333,0.0,0.7925,0.7692
2,0.7368,0.5794,0.6071,0.7526,0.6627,0.5794,0.1667,0.8214,1.0,0.25,0.8214,0.6667,0.2,0.8214,0.8
3,0.8684,0.6825,0.7192,0.853,0.7903,0.6825,0.5,0.871,1.0,0.25,0.9643,0.8333,0.3333,0.9153,0.9091
4,0.7368,0.623,0.6353,0.7728,0.6683,0.623,0.125,0.88,1.0,0.25,0.7857,0.8333,0.1667,0.8302,0.9091
5,0.7632,0.6349,0.6485,0.7809,0.6728,0.6349,0.1667,0.8519,1.0,0.25,0.8214,0.8333,0.2,0.8364,0.9091
6,0.7895,0.6468,0.6628,0.7985,0.6857,0.6468,0.2,0.8571,1.0,0.25,0.8571,0.8333,0.2222,0.8571,0.9091
7,0.7632,0.6349,0.6485,0.7809,0.6728,0.6349,0.1667,0.8519,1.0,0.25,0.8214,0.8333,0.2,0.8364,0.9091
8,0.7632,0.6349,0.6485,0.7809,0.6728,0.6349,0.1667,0.8519,1.0,0.25,0.8214,0.8333,0.2,0.8364,0.9091
9,0.7368,0.623,0.6352,0.7631,0.663,0.623,0.1429,0.8462,1.0,0.25,0.7857,0.8333,0.1818,0.8148,0.9091
